pokemon_id,version_id,item_id,rarity
12,7,199,5
12,8,199,5
12,9,199,5
12,10,199,5
12,11,199,5
12,12,199,5
12,13,199,5
12,14,199,5
12,15,199,5
12,16,199,5
12,17,199,5
12,18,199,5
12,21,199,5
12,22,199,5
12,23,199,5
12,24,199,5
15,7,222,5
15,8,222,5
15,9,222,5
15,10,222,5
15,11,222,5
15,12,222,5
15,13,222,5
15,14,222,5
15,15,222,5
15,16,222,5
15,17,222,5
15,18,222,5
15,21,222,5
15,22,222,5
15,23,222,5
15,24,222,5
19,12,177,5
19,13,177,5
19,14,177,5
19,15,177,5
19,16,177,5
19,17,177,5
19,18,177,5
20,10,132,50
20,10,135,5
20,11,132,50
20,11,135,5
20,12,177,5
20,13,177,5
20,14,177,5
20,15,177,5
20,16,177,5
20,17,177,5
20,18,177,5
22,7,221,5
22,8,221,5
22,9,221,5
22,10,221,5
22,11,221,5
22,12,221,5
22,13,221,5
22,14,221,5
22,15,221,5
22,16,221,5
22,17,221,5
22,18,221,5
22,21,221,5
22,22,221,5
22,23,221,5
22,24,221,5
24,10,222,5
24,11,222,5
25,7,132,50
25,7,213,5
25,8,132,50
25,8,213,5
25,9,132,50
25,9,213,5
25,12,132,50
25,12,213,5
25,13,132,50
25,13,213,5
25,14,132,50
25,14,213,5
25,15,132,50
25,15,213,5
25,16,132,50
25,16,213,5
25,17,132,50
25,17,213,1
25,18,132,50
25,18,213,1
25,21,213,5
25,22,213,5
25,23,213,5
25,24,213,5
26,7,132,5
26,8,132,5
26,9,132,5
26,12,132,5
26,13,132,5
26,14,132,5
26,15,132,5
26,16,132,5
26,17,132,50
26,18,132,50
27,7,194,5
27,8,194,5
27,9,194,5
27,12,194,5
27,13,194,5
27,14,194,5
27,15,194,5
27,16,194,5
27,17,194,5
27,18,194,5
27,21,194,5
27,22,194,5
27,23,194,5
27,24,194,5
28,7,194,5
28,8,194,5
28,9,194,5
28,10,214,5
28,11,214,5
28,12,194,5
28,13,194,5
28,14,194,5
28,15,194,5
28,16,194,5
28,17,194,5
28,18,194,5
28,21,194,5
28,22,194,5
28,23,194,5
28,24,194,5
35,7,81,5
35,7,131,50
35,8,81,5
35,8,131,50
35,9,81,5
35,9,131,50
35,10,81,5
35,11,81,5
35,12,81,5
35,12,131,50
35,13,81,5
35,13,131,50
35,14,81,5
35,14,131,50
35,15,81,5
35,15,131,50
35,16,81,5
35,16,131,50
35,17,81,5
35,17,131,50
35,17,624,1
35,18,81,5
35,18,131,50
35,18,624,1
35,21,81,5
35,21,131,50
35,21,624,1
35,22,81,5
35,22,131,50
35,22,624,1
35,23,81,5
35,24,81,5
36,7,81,5
36,7,131,50
36,8,81,5
36,8,131,50
36,9,81,5
36,9,131,50
36,10,81,5
36,11,81,5
36,12,81,5
36,12,131,50
36,13,81,5
36,13,131,50
36,14,81,5
36,14,131,50
36,15,81,5
36,15,131,50
36,16,81,5
36,16,131,50
36,17,81,5
36,17,131,50
36,17,624,1
36,18,81,5
36,18,131,50
36,18,624,1
36,21,81,5
36,21,131,50
36,21,624,1
36,22,81,5
36,22,131,50
36,22,624,1
36,23,81,5
36,24,81,5
37,7,129,100
37,8,129,100
37,9,129,100
37,10,129,50
37,11,129,50
37,12,129,100
37,13,129,100
37,14,129,100
37,15,129,100
37,16,129,100
37,17,129,100
37,18,129,100
37,21,129,100
37,22,129,100
38,7,129,100
38,8,129,100
38,9,129,100
38,10,129,50
38,11,129,50
38,12,129,100
38,13,129,100
38,14,129,100
38,15,129,100
38,16,129,100
38,17,129,100
38,18,129,100
38,21,129,100
38,22,129,100
39,10,132,50
39,11,132,50
40,10,132,50
40,11,132,50
46,7,86,50
46,7,87,5
46,8,86,50
46,8,87,5
46,9,86,50
46,9,87,5
46,10,86,50
46,10,87,5
46,11,86,50
46,11,87,5
46,12,86,50
46,12,87,5
46,13,86,50
46,13,87,5
46,14,86,50
46,14,87,5
46,15,86,50
46,15,87,5
46,16,86,50
46,16,87,5
46,17,86,50
46,17,87,5
46,17,621,1
46,18,86,50
46,18,87,5
46,18,621,1
46,21,86,50
46,21,87,5
46,21,621,1
46,22,86,50
46,22,87,5
46,22,621,1
46,23,86,50
46,23,87,5
46,24,86,50
46,24,87,5
47,7,86,50
47,7,87,5
47,8,86,50
47,8,87,5
47,9,86,50
47,9,87,5
47,10,86,50
47,10,87,5
47,11,86,50
47,11,87,5
47,12,86,50
47,12,87,5
47,13,86,50
47,13,87,5
47,14,86,50
47,14,87,5
47,15,86,50
47,15,87,5
47,16,86,50
47,16,87,5
47,17,86,50
47,17,87,5
47,17,621,1
47,18,86,50
47,18,87,5
47,18,621,1
47,21,86,50
47,21,87,5
47,21,621,1
47,22,86,50
47,22,87,5
47,22,621,1
47,23,86,50
47,23,87,5
47,24,86,50
47,24,87,5
49,10,199,5
49,11,199,5
49,12,272,5
49,13,272,5
49,14,272,5
49,15,272,5
49,16,272,5
49,17,272,5
49,18,272,5
49,21,272,5
49,22,272,5
49,23,272,5
49,24,272,5
50,12,214,5
50,13,214,5
50,14,214,5
50,15,214,5
50,16,214,5
50,17,214,5
50,18,214,5
50,21,214,5
50,22,214,5
50,23,214,5
50,24,214,5
51,12,214,5
51,13,214,5
51,14,214,5
51,15,214,5
51,16,214,5
51,17,214,5
51,18,214,5
51,21,214,5
51,22,214,5
51,23,214,5
51,24,214,5
52,10,92,5
52,11,92,5
52,12,194,5
52,13,194,5
52,14,194,5
52,15,194,5
52,16,194,5
52,17,194,5
52,18,194,5
52,21,194,5
52,22,194,5
52,23,194,5
52,24,194,5
53,12,194,5
53,13,194,5
53,14,194,5
53,15,194,5
53,16,194,5
53,17,194,5
53,18,194,5
53,21,194,5
53,22,194,5
53,23,194,5
53,24,194,5
56,12,170,5
56,13,170,5
56,14,170,5
56,15,170,5
56,16,170,5
56,17,170,5
56,18,170,5
56,21,170,5
56,22,170,5
57,12,170,5
57,13,170,5
57,14,170,5
57,15,170,5
57,16,170,5
57,17,170,5
57,18,170,5
57,21,170,5
57,22,170,5
58,7,129,100
58,8,129,100
58,9,129,100
58,10,129,50
58,11,129,50
58,12,129,100
58,13,129,100
58,14,129,100
58,15,129,100
58,16,129,100
58,17,129,100
58,18,129,100
58,21,129,50
58,22,129,50
59,7,129,100
59,8,129,100
59,9,129,100
59,10,129,50
59,11,129,50
59,12,129,100
59,13,129,100
59,14,129,100
59,15,129,100
59,16,129,100
59,17,129,100
59,18,129,100
59,21,129,50
59,22,129,50
61,7,198,5
61,8,198,5
61,9,198,5
61,12,198,5
61,13,198,5
61,14,198,5
61,15,198,5
61,16,198,5
61,17,198,5
61,18,198,5
61,21,198,5
61,22,198,5
61,23,198,5
61,24,198,5
62,7,198,5
62,8,198,5
62,9,198,5
62,12,198,5
62,13,198,5
62,14,198,5
62,15,198,5
62,16,198,5
62,17,198,5
62,18,198,5
62,21,198,5
62,22,198,5
62,23,198,5
62,24,198,5
63,7,225,5
63,8,225,5
63,9,225,5
63,10,225,5
63,11,225,5
63,12,225,5
63,13,225,5
63,14,225,5
63,15,225,5
63,16,225,5
63,17,225,5
63,18,225,5
63,21,225,5
63,22,225,5
63,23,225,5
63,24,225,5
64,7,225,5
64,8,225,5
64,9,225,5
64,10,225,5
64,11,225,5
64,12,225,5
64,13,225,5
64,14,225,5
64,15,225,5
64,16,225,5
64,17,225,5
64,18,225,5
64,21,225,5
64,22,225,5
64,23,225,5
64,24,225,5
65,7,225,5
65,8,225,5
65,9,225,5
65,10,225,5
65,11,225,5
65,12,225,5
65,13,225,5
65,14,225,5
65,15,225,5
65,16,225,5
65,17,225,5
65,18,225,5
65,21,225,5
65,22,225,5
65,23,225,5
65,24,225,5
67,10,207,5
67,11,207,5
68,10,207,5
68,11,207,5
72,12,222,5
72,13,222,5
72,14,222,5
72,15,222,5
72,16,222,5
72,17,222,5
72,18,222,5
72,21,222,5
72,22,222,5
72,23,222,5
72,24,222,5
73,12,222,5
73,13,222,5
73,14,222,5
73,15,222,5
73,16,222,5
73,17,222,5
73,18,222,5
73,21,222,5
73,22,222,5
73,23,222,5
73,24,222,5
74,7,206,5
74,8,206,5
74,9,206,5
74,12,206,5
74,13,206,5
74,14,206,5
74,15,206,5
74,16,206,5
74,17,206,5
74,18,206,5
74,21,206,5
74,22,206,5
74,23,206,5
74,24,206,5
75,7,206,5
75,8,206,5
75,9,206,5
75,10,215,5
75,11,215,5
75,12,206,5
75,13,206,5
75,14,206,5
75,15,206,5
75,16,206,5
75,17,206,5
75,18,206,5
75,21,206,5
75,22,206,5
75,23,206,5
75,24,206,5
76,7,206,5
76,8,206,5
76,9,206,5
76,10,215,5
76,11,215,5
76,12,206,5
76,13,206,5
76,14,206,5
76,15,206,5
76,16,206,5
76,17,206,5
76,18,206,5
76,21,206,5
76,22,206,5
76,23,206,5
76,24,206,5
77,12,168,5
77,13,168,5
77,14,168,5
77,15,168,5
77,16,168,5
77,17,168,5
77,18,168,5
77,21,168,5
77,22,168,5
78,12,168,5
78,13,168,5
78,14,168,5
78,15,168,5
78,16,168,5
78,17,168,5
78,18,168,5
78,21,168,5
78,22,168,5
79,7,198,5
79,8,198,5
79,9,198,5
79,12,256,5
79,13,256,5
79,14,256,5
79,15,256,5
79,16,256,5
79,17,256,5
79,18,256,5
79,21,256,5
79,22,256,5
79,23,256,5
79,24,256,5
80,7,198,5
80,8,198,5
80,9,198,5
80,12,198,5
80,13,198,5
80,14,198,5
80,15,198,5
80,16,198,5
80,17,198,5
80,18,198,5
80,21,198,5
80,22,198,5
80,23,198,5
80,24,198,5
81,7,210,5
81,8,210,5
81,9,210,5
81,12,210,5
81,13,210,5
81,14,210,5
81,15,210,5
81,16,210,5
81,17,210,5
81,18,210,5
81,21,210,5
81,22,210,5
81,23,210,5
81,24,210,5
82,7,210,5
82,8,210,5
82,9,210,5
82,10,219,5
82,11,219,5
82,12,210,5
82,13,210,5
82,14,210,5
82,15,210,5
82,16,210,5
82,17,210,5
82,18,210,5
82,21,210,5
82,22,210,5
82,23,210,5
82,24,210,5
83,7,236,5
83,8,236,5
83,9,236,5
83,10,236,5
83,11,236,5
83,12,236,5
83,13,236,5
83,14,236,5
83,15,236,5
83,16,236,5
83,17,236,5
83,18,236,5
83,21,236,5
83,22,236,5
83,23,236,5
83,24,236,5
84,7,221,5
84,8,221,5
84,9,221,5
84,12,221,5
84,13,221,5
84,14,221,5
84,15,221,5
84,16,221,5
84,17,221,5
84,18,221,5
84,21,221,5
84,22,221,5
84,23,221,5
84,24,221,5
85,7,221,5
85,8,221,5
85,9,221,5
85,10,221,5
85,11,221,5
85,12,221,5
85,13,221,5
85,14,221,5
85,15,221,5
85,16,221,5
85,17,221,5
85,18,221,5
85,21,221,5
85,22,221,5
85,23,221,5
85,24,221,5
86,10,130,50
86,11,130,50
87,10,130,50
87,10,223,5
87,11,130,50
87,11,223,5
88,7,92,5
88,8,92,5
88,9,92,5
88,12,92,5
88,13,92,5
88,14,92,5
88,15,92,5
88,16,92,5
88,17,92,5
88,18,92,5
88,21,258,5
88,22,258,5
88,23,258,5
88,24,258,5
89,7,92,5
89,8,92,5
89,9,92,5
89,12,92,5
89,13,92,5
89,14,92,5
89,15,92,5
89,16,92,5
89,17,92,5
89,18,92,5
89,21,249,1
89,21,258,50
89,22,249,1
89,22,258,50
89,23,258,50
89,24,258,50
90,7,88,50
90,7,89,5
90,8,88,50
90,8,89,5
90,9,88,50
90,9,89,5
90,10,88,50
90,10,89,5
90,11,88,50
90,11,89,5
90,12,88,50
90,12,89,5
90,13,88,50
90,13,89,5
90,14,88,50
90,14,89,5
90,15,88,50
90,15,89,5
90,16,88,50
90,16,89,5
90,17,88,50
90,17,89,5
90,18,88,50
90,18,89,5
90,21,88,50
90,21,89,5
90,22,88,50
90,22,89,5
90,23,88,50
90,23,89,5
90,24,88,50
90,24,89,5
91,7,88,50
91,7,89,5
91,8,88,50
91,8,89,5
91,9,88,50
91,9,89,5
91,10,88,50
91,10,89,5
91,11,88,50
91,11,89,5
91,12,88,50
91,12,89,5
91,13,88,50
91,13,89,5
91,14,88,50
91,14,89,5
91,15,88,50
91,15,89,5
91,16,88,50
91,16,89,5
91,17,88,50
91,17,89,5
91,18,88,50
91,18,89,5
91,21,88,50
91,21,89,5
91,22,88,50
91,22,89,5
91,23,88,50
91,23,89,5
91,24,88,50
91,24,89,5
93,10,224,5
93,11,224,5
94,10,224,5
94,11,224,5
95,10,215,5
95,11,215,5
104,7,235,5
104,8,235,5
104,9,235,5
104,10,235,5
104,11,235,5
104,12,235,5
104,13,235,5
104,14,235,5
104,15,235,5
104,16,235,5
104,17,235,5
104,18,235,5
104,21,235,5
104,22,235,5
104,23,235,5
104,24,235,5
105,7,235,5
105,8,235,5
105,9,235,5
105,10,235,5
105,11,235,5
105,12,235,5
105,13,235,5
105,14,235,5
105,15,235,5
105,16,235,5
105,17,235,5
105,18,235,5
105,21,235,5
105,22,235,5
105,23,235,5
105,24,235,5
108,12,256,5
108,13,256,5
108,14,256,5
108,15,256,5
108,16,256,5
108,17,256,5
108,18,256,5
108,21,256,5
108,22,256,5
108,23,256,5
108,24,256,5
109,7,205,5
109,8,205,5
109,9,205,5
109,12,205,5
109,13,205,5
109,14,205,5
109,15,205,5
109,16,205,5
109,17,205,5
109,18,205,5
109,21,205,5
109,22,205,5
109,23,205,5
109,24,205,5
110,7,205,5
110,8,205,5
110,9,205,5
110,12,205,5
110,13,205,5
110,14,205,5
110,15,205,5
110,16,205,5
110,17,205,5
110,18,205,5
110,21,205,5
110,22,205,5
110,23,205,5
110,24,205,5
113,7,208,5
113,8,208,5
113,9,208,5
113,10,208,5
113,11,208,5
113,12,110,50
113,12,208,5
113,13,110,50
113,13,208,5
113,14,110,50
113,14,208,5
113,15,110,50
113,15,208,5
113,16,110,50
113,16,208,5
113,17,208,5
113,17,233,50
113,18,208,5
113,18,233,50
113,21,208,5
113,21,233,50
113,22,208,5
113,22,233,50
113,23,208,5
113,23,233,50
113,24,208,5
113,24,233,50
116,7,212,5
116,8,212,5
116,9,212,5
116,12,212,5
116,13,212,5
116,14,212,5
116,15,212,5
116,16,212,5
116,17,212,5
116,18,212,5
116,21,212,5
116,22,212,5
116,23,212,5
116,24,212,5
117,7,212,5
117,8,212,5
117,9,212,5
117,12,212,5
117,13,212,5
117,14,212,5
117,15,212,5
117,16,212,5
117,17,212,5
117,18,212,5
117,21,212,5
117,22,212,5
117,23,212,5
117,24,212,5
120,7,90,50
120,7,91,5
120,8,90,50
120,8,91,5
120,9,90,50
120,9,91,5
120,10,90,50
120,10,91,5
120,11,90,50
120,11,91,5
120,12,90,50
120,12,91,5
120,13,90,50
120,13,91,5
120,14,90,50
120,14,91,5
120,15,90,50
120,15,91,5
120,16,90,50
120,16,91,5
120,17,90,50
120,17,91,5
120,18,90,50
120,18,91,5
120,21,90,50
120,21,91,5
120,22,90,50
120,22,91,5
120,23,90,50
120,23,91,5
120,24,90,50
120,24,91,5
121,7,90,50
121,7,91,5
121,8,90,50
121,8,91,5
121,9,90,50
121,9,91,5
121,10,90,50
121,10,91,5
121,11,90,50
121,11,91,5
121,12,90,50
121,12,91,5
121,13,90,50
121,13,91,5
121,14,90,50
121,14,91,5
121,15,90,50
121,15,91,5
121,16,90,50
121,16,91,5
121,17,90,50
121,17,91,5
121,18,90,50
121,18,91,5
121,21,90,50
121,21,91,5
121,22,90,50
121,22,91,5
121,23,90,50
121,23,91,5
121,24,90,50
121,24,91,5
122,7,131,5
122,8,131,5
122,9,131,5
122,12,131,5
122,13,131,5
122,14,131,5
122,15,131,5
122,16,131,5
122,17,131,5
122,18,131,5
124,7,130,100
124,8,130,100
124,9,130,100
124,12,130,100
124,13,130,100
124,14,130,100
124,15,130,100
124,16,130,100
124,17,130,100
124,18,130,100
124,21,130,100
124,22,130,100
125,12,299,50
125,13,299,5
125,14,299,50
126,7,129,100
126,8,129,100
126,9,129,100
126,12,300,5
126,13,300,50
126,14,300,50
131,23,220,100
131,24,220,100
132,7,234,5
132,8,234,5
132,9,234,5
132,10,234,5
132,11,234,5
132,12,234,5
132,12,251,50
132,13,234,5
132,13,251,50
132,14,234,5
132,14,251,50
132,15,234,5
132,15,251,50
132,16,234,5
132,16,251,50
132,17,234,5
132,17,251,50
132,18,234,5
132,18,251,50
132,21,234,5
132,21,251,50
132,22,234,5
132,22,251,50
132,23,234,5
132,23,251,50
132,24,234,5
132,24,251,50
143,7,211,100
143,8,211,100
143,9,211,100
143,10,127,100
143,11,127,100
143,12,211,100
143,13,211,100
143,14,211,100
143,15,211,100
143,16,211,100
143,17,211,100
143,18,211,100
143,21,211,100
143,22,211,100
143,23,211,100
143,24,211,100
147,7,212,5
147,8,212,5
147,9,212,5
147,12,212,5
147,13,212,5
147,14,212,5
147,15,212,5
147,16,212,5
147,17,212,5
147,18,212,5
147,21,212,5
147,22,212,5
147,23,212,5
147,24,212,5
148,7,212,5
148,8,212,5
148,9,212,5
148,10,227,5
148,11,227,5
148,12,212,5
148,13,212,5
148,14,212,5
148,15,212,5
148,16,212,5
148,17,212,5
148,18,212,5
148,21,212,5
148,22,212,5
148,23,212,5
148,24,212,5
149,7,212,5
149,8,212,5
149,9,212,5
149,10,227,5
149,11,227,5
149,12,212,5
149,13,212,5
149,14,212,5
149,15,212,5
149,16,212,5
149,17,212,5
149,18,212,5
149,21,212,5
149,22,212,5
149,23,212,5
149,24,212,5
151,7,134,100
151,8,134,100
151,9,134,100
151,12,134,100
151,13,134,100
151,14,134,100
151,15,134,100
151,16,134,100
151,17,134,100
151,18,134,100
151,21,134,100
151,22,134,100
151,23,134,100
151,24,134,100
152,10,134,100
152,11,134,100
161,7,132,5
161,8,132,5
161,9,132,5
161,10,132,5
161,11,132,5
161,12,132,5
161,13,132,5
161,14,132,5
161,15,132,5
161,16,132,5
161,17,132,5
161,18,132,5
161,21,132,5
161,22,132,5
162,7,132,50
162,7,135,5
162,8,132,50
162,8,135,5
162,9,132,50
162,9,135,5
162,10,132,50
162,10,135,5
162,11,132,50
162,11,135,5
162,12,132,50
162,12,135,5
162,13,132,50
162,13,135,5
162,14,132,50
162,14,135,5
162,15,132,50
162,15,135,5
162,16,132,50
162,16,135,5
162,17,132,50
162,17,135,5
162,18,132,50
162,18,135,5
162,21,132,50
162,21,135,5
162,22,132,50
162,22,135,5
170,7,74,5
170,8,74,5
170,9,74,5
170,10,74,5
170,11,74,5
170,12,204,5
170,13,204,5
170,14,204,5
170,15,204,5
170,16,204,5
170,17,204,5
170,18,204,5
170,21,204,5
170,22,204,5
170,23,204,5
170,24,204,5
171,7,74,5
171,8,74,5
171,9,74,5
171,10,74,5
171,11,74,5
171,12,204,5
171,13,204,5
171,14,204,5
171,15,204,5
171,16,204,5
171,17,204,5
171,18,204,5
171,21,204,5
171,22,204,5
171,23,204,5
171,24,204,5
172,7,132,5
172,8,132,5
172,9,132,5
172,12,132,5
172,13,132,5
172,14,132,5
172,15,132,5
172,16,132,5
172,17,132,50
172,18,132,50
173,7,81,5
173,7,131,50
173,8,81,5
173,8,131,50
173,9,81,5
173,9,131,50
173,10,81,5
173,11,81,5
173,12,81,5
173,12,131,50
173,13,81,5
173,13,131,50
173,14,81,5
173,14,131,50
173,15,81,5
173,15,131,50
173,16,81,5
173,16,131,50
173,17,81,5
173,17,131,50
173,17,624,1
173,18,81,5
173,18,131,50
173,18,624,1
173,21,81,5
173,21,131,50
173,21,624,1
173,22,81,5
173,22,131,50
173,22,624,1
173,23,81,5
173,24,81,5
174,10,132,50
174,11,132,50
186,7,198,5
186,8,198,5
186,9,198,5
186,10,198,5
186,11,198,5
186,12,198,5
186,13,198,5
186,14,198,5
186,15,198,5
186,16,198,5
186,17,198,5
186,18,198,5
186,21,198,5
186,22,198,5
186,23,198,5
186,24,198,5
191,12,169,5
191,13,169,5
191,14,169,5
191,15,169,5
191,16,169,5
191,17,169,5
191,18,169,5
193,12,242,5
193,13,242,5
193,14,242,5
193,15,242,5
193,16,242,5
193,17,242,5
193,18,242,5
193,21,242,5
193,22,242,5
193,23,242,5
193,24,242,5
199,7,198,5
199,8,198,5
199,9,198,5
199,10,198,5
199,11,198,5
199,12,198,5
199,13,198,5
199,14,198,5
199,15,198,5
199,16,198,5
199,17,198,5
199,18,198,5
199,21,198,5
199,22,198,5
199,23,198,5
199,24,198,5
200,7,224,5
200,8,224,5
200,9,224,5
200,10,224,5
200,11,224,5
203,7,133,5
203,8,133,5
203,9,133,5
203,10,133,5
203,11,133,5
203,12,133,5
203,13,133,5
203,14,133,5
203,15,133,5
203,16,133,5
203,17,133,5
203,18,133,5
203,21,133,5
203,22,133,5
208,7,210,5
208,8,210,5
208,9,210,5
208,10,210,5
208,11,210,5
208,12,210,5
208,13,210,5
208,14,210,5
208,15,210,5
208,16,210,5
208,17,210,5
208,18,210,5
208,21,210,5
208,22,210,5
208,23,210,5
208,24,210,5
211,12,222,5
211,13,222,5
211,14,222,5
211,15,222,5
211,16,222,5
211,17,222,5
211,18,222,5
211,21,222,5
211,22,222,5
211,23,222,5
211,24,222,5
213,7,132,100
213,8,132,100
213,9,132,100
213,10,43,100
213,11,43,100
213,12,132,100
213,13,132,100
213,14,132,100
213,15,43,100
213,16,43,100
213,17,43,100
213,18,43,100
213,21,43,100
213,22,43,100
213,23,43,100
213,24,43,100
215,7,194,5
215,8,194,5
215,9,194,5
215,12,194,5
215,12,263,50
215,13,194,5
215,13,263,50
215,14,194,5
215,14,263,50
215,15,194,5
215,15,263,50
215,16,194,5
215,16,263,50
215,17,194,5
215,17,263,50
215,18,194,5
215,18,263,50
215,21,194,5
215,21,263,50
215,22,194,5
215,22,263,50
215,23,194,5
215,23,263,50
215,24,194,5
215,24,263,50
216,10,132,50
216,10,135,5
216,11,132,50
216,11,135,5
217,10,132,50
217,10,135,5
217,11,132,50
217,11,135,5
220,10,130,50
220,11,130,50
221,10,130,50
221,10,223,5
221,11,130,50
221,11,223,5
222,7,72,5
222,8,72,5
222,9,72,5
222,10,72,5
222,11,72,5
222,12,215,5
222,13,215,5
222,14,215,5
222,15,215,5
222,16,215,5
222,17,215,5
222,18,215,5
222,21,215,5
222,22,215,5
222,23,215,5
222,24,215,5
227,10,221,5
227,11,221,5
230,7,212,5
230,8,212,5
230,9,212,5
230,10,212,5
230,11,212,5
230,12,212,5
230,13,212,5
230,14,212,5
230,15,212,5
230,16,212,5
230,17,212,5
230,18,212,5
230,21,212,5
230,22,212,5
230,23,212,5
230,24,212,5
231,12,162,5
231,13,162,5
231,14,162,5
231,15,162,5
231,16,162,5
231,17,162,5
231,18,162,5
231,21,162,5
231,22,162,5
232,12,162,5
232,13,162,5
232,14,162,5
232,15,162,5
232,16,162,5
232,17,162,5
232,18,162,5
232,21,162,5
232,22,162,5
233,10,229,100
233,11,229,100
238,7,130,100
238,8,130,100
238,9,130,100
238,12,130,100
238,13,130,100
238,14,130,100
238,15,130,100
238,16,130,100
238,17,130,100
238,18,130,100
238,21,130,100
238,22,130,100
239,12,299,50
239,13,299,5
239,14,299,50
240,7,129,100
240,8,129,100
240,9,129,100
240,12,300,5
240,13,300,50
240,14,300,50
241,7,33,100
241,8,33,100
241,9,33,100
241,10,33,100
241,11,33,100
241,12,33,100
241,13,33,100
241,14,33,100
241,15,33,100
241,16,33,100
241,17,33,100
241,18,33,100
241,21,33,100
241,22,33,100
241,23,33,100
241,24,33,100
242,7,208,5
242,8,208,5
242,9,208,5
242,10,208,5
242,11,208,5
242,12,110,50
242,12,208,5
242,13,110,50
242,13,208,5
242,14,110,50
242,14,208,5
242,15,110,50
242,15,208,5
242,16,110,50
242,16,208,5
242,17,208,100
242,18,208,100
242,21,208,100
242,22,208,100
242,23,208,100
242,24,208,100
250,7,44,100
250,8,44,100
250,9,44,100
250,12,44,100
250,13,44,100
250,14,44,100
250,15,44,100
250,16,44,100
250,17,44,100
250,18,44,100
250,21,44,100
250,22,44,100
250,23,44,100
250,24,44,100
251,7,134,100
251,8,134,100
251,9,134,100
251,10,134,100
251,11,134,100
251,12,134,100
251,13,134,100
251,14,134,100
251,15,134,100
251,16,134,100
251,17,134,100
251,18,134,100
251,21,134,100
251,22,134,100
251,23,134,100
251,24,134,100
261,7,128,5
261,8,128,5
261,9,128,5
261,10,128,5
261,11,128,5
261,12,128,5
261,13,128,5
261,14,128,5
261,15,128,5
261,16,128,5
261,17,128,5
261,18,128,5
261,21,128,5
261,22,128,5
262,7,128,5
262,8,128,5
262,9,128,5
262,10,128,5
262,11,128,5
262,12,128,5
262,13,128,5
262,14,128,5
262,15,128,5
262,16,128,5
262,17,128,5
262,18,128,5
262,21,128,5
262,22,128,5
263,7,132,5
263,8,132,5
263,9,132,5
263,10,132,5
263,11,132,5
263,12,132,5
263,13,132,5
263,14,132,5
263,15,132,5
263,16,132,5
263,17,132,5
263,18,132,5
263,21,132,5
263,22,132,5
264,7,132,50
264,7,135,5
264,8,132,50
264,8,135,5
264,9,132,50
264,9,135,5
264,10,132,50
264,10,135,5
264,11,132,50
264,11,135,5
264,12,132,50
264,12,135,5
264,13,132,50
264,13,135,5
264,14,132,50
264,14,135,5
264,15,132,50
264,15,135,5
264,16,132,50
264,16,135,5
264,17,132,50
264,17,135,5
264,18,132,50
264,18,135,5
264,21,132,50
264,21,135,5
264,22,132,50
264,22,135,5
267,7,199,5
267,8,199,5
267,9,199,5
267,10,199,5
267,11,199,5
267,12,272,5
267,13,272,5
267,14,272,5
267,15,272,5
267,16,272,5
267,17,272,5
267,18,272,5
267,21,272,5
267,22,272,5
267,23,272,5
267,24,272,5
269,7,199,5
269,8,199,5
269,9,199,5
269,10,199,5
269,11,199,5
269,12,272,5
269,13,272,5
269,14,272,5
269,15,272,5
269,16,272,5
269,17,272,5
269,18,272,5
269,21,272,5
269,22,272,5
269,23,272,5
269,24,272,5
276,12,172,5
276,13,172,5
276,14,172,5
276,15,172,5
276,16,172,5
276,17,172,5
276,18,172,5
276,21,172,5
276,22,172,5
277,12,172,5
277,13,172,5
277,14,172,5
277,15,172,5
277,16,172,5
277,17,172,5
277,18,172,5
277,21,172,5
277,22,172,5
284,7,199,5
284,8,199,5
284,9,199,5
284,10,199,5
284,11,199,5
284,12,199,5
284,13,199,5
284,14,199,5
284,15,199,5
284,16,199,5
284,17,199,5
284,18,199,5
284,21,199,5
284,22,199,5
284,23,199,5
284,24,199,5
285,12,167,5
285,13,167,5
285,14,167,5
285,15,167,5
285,16,167,5
285,17,167,5
285,18,167,5
285,21,167,5
285,22,167,5
286,12,167,5
286,13,167,5
286,14,167,5
286,15,167,5
286,16,167,5
286,17,167,5
286,18,167,5
286,21,167,5
286,22,167,5
293,7,127,5
293,8,127,5
293,9,127,5
293,10,127,5
293,11,127,5
293,12,127,5
293,13,127,5
293,14,127,5
293,15,127,5
293,16,127,5
293,17,127,5
293,18,127,5
293,21,127,5
293,22,127,5
294,7,127,5
294,8,127,5
294,9,127,5
294,10,127,5
294,11,127,5
294,12,127,5
294,13,127,5
294,14,127,5
294,15,127,5
294,16,127,5
294,17,127,5
294,18,127,5
294,21,127,5
294,22,127,5
295,7,127,5
295,8,127,5
295,9,127,5
295,10,127,5
295,11,127,5
295,12,127,5
295,13,127,5
295,14,127,5
295,15,127,5
295,16,127,5
295,17,127,5
295,18,127,5
295,21,127,5
295,22,127,5
297,7,198,5
297,8,198,5
297,9,198,5
297,10,198,5
297,11,198,5
297,12,198,5
297,13,198,5
297,14,198,5
297,15,198,5
297,16,198,5
297,17,198,5
297,18,198,5
297,21,198,5
297,22,198,5
297,23,198,5
297,24,198,5
299,12,215,5
299,13,215,5
299,14,215,5
299,15,215,5
299,16,215,5
299,17,215,5
299,18,215,5
299,21,215,5
299,22,215,5
299,23,215,5
299,24,215,5
300,7,131,5
300,8,131,5
300,9,131,5
300,10,131,5
300,11,131,5
300,12,131,5
300,13,131,5
300,14,131,5
300,15,131,5
300,16,131,5
300,17,131,5
300,18,131,5
300,21,128,50
300,22,128,50
301,7,131,5
301,8,131,5
301,9,131,5
301,10,131,5
301,11,131,5
301,12,131,5
301,13,131,5
301,14,131,5
301,15,131,5
301,16,131,5
301,17,131,5
301,18,131,5
301,21,128,50
301,22,128,50
303,12,161,5
303,13,161,5
303,14,161,5
303,15,161,5
303,16,161,5
303,17,161,5
303,18,161,5
303,21,161,5
303,22,161,5
304,7,215,5
304,8,215,5
304,9,215,5
304,10,215,5
304,11,215,5
304,12,215,5
304,13,215,5
304,14,215,5
304,15,215,5
304,16,215,5
304,17,215,5
304,18,215,5
304,21,215,5
304,22,215,5
304,23,215,5
304,24,215,5
305,7,215,5
305,8,215,5
305,9,215,5
305,10,215,5
305,11,215,5
305,12,215,5
305,13,215,5
305,14,215,5
305,15,215,5
305,16,215,5
305,17,215,5
305,18,215,5
305,21,215,5
305,22,215,5
305,23,215,5
305,24,215,5
306,7,215,5
306,8,215,5
306,9,215,5
306,10,215,5
306,11,215,5
306,12,215,5
306,13,215,5
306,14,215,5
306,15,215,5
306,16,215,5
306,17,215,5
306,18,215,5
306,21,215,5
306,22,215,5
306,23,215,5
306,24,215,5
315,7,222,5
315,8,222,5
315,9,222,5
315,10,222,5
315,11,222,5
315,12,222,5
315,13,222,5
315,14,222,5
315,15,222,5
315,16,222,5
315,17,222,5
315,18,222,5
315,21,222,5
315,21,588,1
315,22,222,5
315,22,588,1
315,23,222,5
315,24,222,5
316,7,89,5
316,8,89,5
316,9,89,5
316,10,89,5
316,11,89,5
316,12,89,5
316,13,89,5
316,14,89,5
316,15,89,5
316,16,89,5
316,17,89,5
316,18,89,5
316,21,89,5
316,22,89,5
316,23,132,5
316,24,132,5
317,7,89,5
317,8,89,5
317,9,89,5
317,10,89,5
317,11,89,5
317,12,89,5
317,13,89,5
317,14,89,5
317,15,89,5
317,16,89,5
317,17,89,5
317,18,89,5
317,21,89,5
317,22,89,5
317,23,132,5
317,24,132,5
318,12,203,5
318,13,203,5
318,14,203,5
318,15,203,5
318,16,203,5
318,17,203,5
318,18,203,5
318,21,203,5
318,22,203,5
318,23,203,5
318,24,203,5
319,12,203,5
319,13,203,5
319,14,203,5
319,15,203,5
319,16,203,5
319,17,203,5
319,18,203,5
319,21,203,5
319,22,203,5
319,23,203,5
319,24,203,5
322,7,129,100
322,8,129,100
322,9,129,100
322,10,129,100
322,11,129,100
322,12,129,100
322,13,129,100
322,14,129,100
322,15,129,100
322,16,129,100
322,17,129,100
322,18,129,100
322,21,129,100
322,22,129,100
323,7,129,100
323,8,129,100
323,9,129,100
323,10,129,100
323,11,129,100
323,12,129,100
323,13,129,100
323,14,129,100
323,15,129,100
323,16,129,100
323,17,129,100
323,18,129,100
323,21,129,100
323,22,129,100
324,23,226,5
324,24,226,5
325,12,171,5
325,13,171,5
325,14,171,5
325,15,171,5
325,16,171,5
325,17,171,5
325,18,171,5
325,21,133,50
325,22,133,50
326,12,171,5
326,13,171,5
326,14,171,5
326,15,171,5
326,16,171,5
326,17,171,5
326,18,171,5
326,21,133,50
326,22,133,50
327,7,127,5
327,8,127,5
327,9,127,5
327,10,127,5
327,11,127,5
327,12,127,5
327,13,127,5
327,14,127,5
327,15,127,5
327,16,127,5
327,17,127,5
327,18,127,5
327,21,127,5
327,22,127,5
328,7,214,5
328,8,214,5
328,9,214,5
328,10,214,5
328,11,214,5
328,12,214,5
328,13,214,5
328,14,214,5
328,15,214,5
328,16,214,5
328,17,214,5
328,18,214,5
328,21,214,5
328,22,214,5
328,23,214,5
328,24,214,5
331,7,222,5
331,8,222,5
331,9,222,5
331,10,222,5
331,11,222,5
331,12,265,5
331,13,265,5
331,14,265,5
331,15,265,5
331,16,265,5
331,17,265,5
331,18,265,5
331,21,265,5
331,22,265,5
331,23,265,5
331,24,265,5
332,7,222,5
332,8,222,5
332,9,222,5
332,10,222,5
332,11,222,5
332,12,265,5
332,13,265,5
332,14,265,5
332,15,265,5
332,16,265,5
332,17,265,5
332,18,265,5
332,21,265,5
332,22,265,5
332,23,265,5
332,24,265,5
335,12,194,5
335,13,194,5
335,14,194,5
335,15,194,5
335,16,194,5
335,17,194,5
335,18,194,5
335,21,194,5
335,22,194,5
335,23,194,5
335,24,194,5
336,23,133,100
336,24,133,100
337,7,81,5
337,8,81,5
337,9,81,5
337,10,81,5
337,11,81,5
337,12,81,5
337,13,81,5
337,14,81,5
337,15,81,5
337,16,81,5
337,17,81,5
337,17,624,1
337,18,81,5
337,18,624,1
337,21,81,5
337,21,624,1
337,22,81,5
337,22,624,1
337,23,81,5
337,24,81,5
338,7,80,5
338,8,80,5
338,9,80,5
338,10,80,5
338,11,80,5
338,12,80,5
338,13,80,5
338,14,80,5
338,15,80,5
338,16,80,5
338,17,80,5
338,17,624,1
338,18,80,5
338,18,624,1
338,21,80,5
338,21,624,1
338,22,80,5
338,22,624,1
338,23,80,5
338,24,80,5
345,12,273,5
345,13,273,5
345,14,273,5
345,15,273,5
345,16,273,5
345,17,273,5
345,18,273,5
345,21,273,5
345,22,273,5
345,23,273,5
345,24,273,5
346,12,273,5
346,13,273,5
346,14,273,5
346,15,273,5
346,16,273,5
346,17,273,5
346,18,273,5
346,21,273,5
346,22,273,5
346,23,273,5
346,24,273,5
351,7,220,100
351,8,220,100
351,9,220,100
351,10,220,100
351,11,220,100
351,12,220,100
351,13,220,100
351,14,220,100
351,15,220,100
351,16,220,100
351,17,220,100
351,18,220,100
351,21,220,100
351,22,220,100
351,23,220,100
351,24,220,100
352,7,133,5
352,8,133,5
352,9,133,5
352,10,133,5
352,11,133,5
352,12,133,5
352,13,133,5
352,14,133,5
352,15,133,5
352,16,133,5
352,17,133,5
352,18,133,5
352,21,133,5
352,22,133,5
353,7,224,5
353,8,224,5
353,9,224,5
353,10,224,5
353,11,224,5
353,12,224,5
353,13,224,5
353,14,224,5
353,15,224,5
353,16,224,5
353,17,224,5
353,18,224,5
353,21,224,5
353,22,224,5
353,23,224,5
353,24,224,5
354,7,224,5
354,8,224,5
354,9,224,5
354,10,224,5
354,11,224,5
354,12,224,5
354,13,224,5
354,14,224,5
354,15,224,5
354,16,224,5
354,17,224,5
354,18,224,5
354,21,224,5
354,22,224,5
354,23,224,5
354,24,224,5
355,7,224,5
355,8,224,5
355,9,224,5
355,10,224,5
355,11,224,5
355,12,173,5
355,13,173,5
355,14,173,5
355,15,173,5
355,16,173,5
355,17,173,5
355,18,173,5
355,21,173,5
355,22,173,5
356,7,224,5
356,8,224,5
356,9,224,5
356,10,224,5
356,11,224,5
356,12,173,5
356,13,173,5
356,14,173,5
356,15,173,5
356,16,173,5
356,17,173,5
356,18,173,5
356,21,173,5
356,22,173,5
358,12,175,5
358,13,175,5
358,14,175,5
358,15,175,5
358,16,175,5
358,17,175,5
358,18,175,5
358,21,175,5
358,22,175,5
361,12,176,5
361,13,176,5
361,14,176,5
361,15,176,5
361,16,176,5
361,17,176,5
361,18,176,5
361,21,176,5
361,22,176,5
362,7,223,5
362,8,223,5
362,9,223,5
362,10,223,5
362,11,223,5
362,12,176,5
362,13,176,5
362,14,176,5
362,15,176,5
362,16,176,5
362,17,176,5
362,18,176,5
362,21,176,5
362,22,176,5
366,7,73,5
366,8,73,5
366,9,73,5
366,10,73,5
366,11,73,5
366,12,89,5
366,13,89,5
366,14,89,5
366,15,89,5
366,16,89,5
366,17,89,5
366,18,89,5
366,21,89,5
366,22,89,5
366,23,89,5
366,24,89,5
367,12,203,5
367,13,203,5
367,14,203,5
367,15,203,5
367,16,203,5
367,17,203,5
367,18,203,5
367,21,203,5
367,22,203,5
367,23,203,5
367,24,203,5
368,12,204,5
368,13,204,5
368,14,204,5
368,15,204,5
368,16,204,5
368,17,204,5
368,18,204,5
368,21,204,5
368,22,204,5
368,23,204,5
368,24,204,5
369,7,75,5
369,8,75,5
369,9,75,5
369,10,75,5
369,11,75,5
369,12,204,5
369,13,204,5
369,14,204,5
369,15,204,5
369,16,204,5
369,17,204,5
369,18,204,5
369,21,204,5
369,22,204,5
369,23,204,5
369,24,204,5
370,7,93,50
370,8,93,50
370,9,93,50
370,10,93,50
370,11,93,50
370,12,93,50
370,13,93,50
370,14,93,50
370,15,93,50
370,16,93,50
370,17,93,50
370,18,93,50
370,21,93,50
370,22,93,50
370,23,93,50
370,24,93,50
371,7,212,5
371,8,212,5
371,9,212,5
371,10,212,5
371,11,212,5
371,12,227,5
371,13,227,5
371,14,227,5
371,15,227,5
371,16,227,5
371,17,227,5
371,18,227,5
371,21,227,5
371,22,227,5
371,23,227,5
371,24,227,5
372,7,212,5
372,8,212,5
372,9,212,5
372,10,212,5
372,11,212,5
372,12,227,5
372,13,227,5
372,14,227,5
372,15,227,5
372,16,227,5
372,17,227,5
372,18,227,5
372,21,227,5
372,22,227,5
372,23,227,5
372,24,227,5
373,7,212,5
373,8,212,5
373,9,212,5
373,10,212,5
373,11,212,5
373,12,227,5
373,13,227,5
373,14,227,5
373,15,227,5
373,16,227,5
373,17,227,5
373,18,227,5
373,21,227,5
373,22,227,5
373,23,227,5
373,24,227,5
374,7,210,5
374,8,210,5
374,9,210,5
374,10,210,5
374,11,210,5
374,12,210,5
374,13,210,5
374,14,210,5
374,15,210,5
374,16,210,5
374,17,210,5
374,18,210,5
374,21,210,5
374,22,210,5
374,23,210,5
374,24,210,5
375,7,210,5
375,8,210,5
375,9,210,5
375,10,210,5
375,11,210,5
375,12,210,5
375,13,210,5
375,14,210,5
375,15,210,5
375,16,210,5
375,17,210,5
375,18,210,5
375,21,210,5
375,22,210,5
375,23,210,5
375,24,210,5
376,7,210,5
376,8,210,5
376,9,210,5
376,10,210,5
376,11,210,5
376,12,210,5
376,13,210,5
376,14,210,5
376,15,210,5
376,16,210,5
376,17,210,5
376,18,210,5
376,21,210,5
376,22,210,5
376,23,210,5
376,24,210,5
385,7,91,100
385,8,91,100
385,9,91,100
385,10,91,100
385,11,91,100
385,12,91,100
385,13,91,100
385,14,91,100
385,15,91,100
385,16,91,100
385,17,91,100
385,18,91,100
385,21,91,100
385,22,91,100
385,23,91,100
385,24,91,100
396,12,165,5
396,13,165,5
396,14,165,5
396,15,165,5
396,16,165,5
396,17,165,5
396,18,165,5
396,21,165,5
396,22,165,5
397,12,165,5
397,13,165,5
397,14,165,5
397,15,165,5
397,16,165,5
397,17,165,5
397,18,165,5
397,21,165,5
397,22,165,5
398,12,165,5
398,13,165,5
398,14,165,5
398,15,165,5
398,16,165,5
398,17,165,5
398,18,165,5
398,21,165,5
398,22,165,5
400,12,132,50
400,12,135,5
400,13,132,50
400,13,135,5
400,14,132,50
400,14,135,5
400,15,132,50
400,15,135,5
400,16,132,50
400,16,135,5
400,17,132,50
400,17,135,5
400,18,132,50
400,18,135,5
400,21,132,50
400,21,135,5
400,22,132,50
400,22,135,5
401,12,254,5
401,13,254,5
401,14,254,5
401,15,254,5
401,16,254,5
401,17,254,5
401,18,254,5
401,21,254,5
401,22,254,5
401,23,254,5
401,24,254,5
402,12,254,5
402,13,254,5
402,14,254,5
402,15,254,5
402,16,254,5
402,17,254,5
402,18,254,5
402,21,254,5
402,22,254,5
402,23,254,5
402,24,254,5
406,12,222,5
406,13,222,5
406,14,222,5
406,15,222,5
406,16,222,5
406,17,222,5
406,18,222,5
406,21,222,5
406,22,222,5
406,23,222,5
406,24,222,5
407,12,222,5
407,13,222,5
407,14,222,5
407,15,222,5
407,16,222,5
407,17,222,5
407,18,222,5
407,21,222,5
407,21,588,1
407,22,222,5
407,22,588,1
407,23,222,5
407,24,222,5
413,12,199,5
413,13,199,5
413,14,199,5
413,15,199,5
413,16,199,5
413,17,199,5
413,18,199,5
413,21,199,5
413,22,199,5
413,23,199,5
413,24,199,5
414,12,199,5
414,13,199,5
414,14,199,5
414,15,199,5
414,16,199,5
414,17,199,5
414,18,199,5
414,21,199,5
414,22,199,5
414,23,199,5
414,24,199,5
415,12,94,100
415,13,94,100
415,14,94,100
415,15,94,100
415,16,94,100
415,17,94,100
415,18,94,100
415,21,94,5
415,22,94,5
415,23,94,5
415,24,94,5
416,12,222,5
416,13,222,5
416,14,222,5
416,15,222,5
416,16,222,5
416,17,222,5
416,18,222,5
416,21,222,5
416,22,222,5
416,23,222,5
416,24,222,5
418,12,163,5
418,13,163,5
418,14,163,5
418,15,163,5
418,16,163,5
418,17,163,5
418,18,163,5
419,12,163,5
419,13,163,5
419,14,163,5
419,15,163,5
419,16,163,5
419,17,163,5
419,18,163,5
420,12,216,5
420,13,216,5
420,14,216,5
420,15,216,5
420,16,216,5
420,17,216,5
420,18,216,5
420,21,216,5
420,22,216,5
420,23,216,5
420,24,216,5
421,12,216,5
421,13,216,5
421,14,216,5
421,15,216,5
421,16,216,5
421,17,216,5
421,18,216,5
421,21,216,5
421,22,216,5
421,23,216,5
421,24,216,5
426,21,584,1
426,22,584,1
427,12,166,5
427,13,166,5
427,14,166,5
427,15,166,5
427,16,166,5
427,17,166,5
427,18,166,5
427,21,128,50
427,22,128,50
428,12,166,5
428,13,166,5
428,14,166,5
428,15,166,5
428,16,166,5
428,17,166,5
428,18,166,5
428,21,128,50
428,22,128,50
431,12,126,5
431,13,126,5
431,14,126,5
431,15,126,5
431,16,126,5
431,17,126,5
431,18,126,5
431,21,126,5
431,22,126,5
432,12,126,5
432,13,126,5
432,14,126,5
432,15,126,5
432,16,126,5
432,17,126,5
432,18,126,5
432,21,126,5
432,22,126,5
433,12,175,5
433,13,175,5
433,14,175,5
433,15,175,5
433,16,175,5
433,17,175,5
433,18,175,5
433,21,175,5
433,22,175,5
434,12,128,5
434,13,128,5
434,14,128,5
434,15,128,5
434,16,128,5
434,17,128,5
434,18,128,5
434,21,128,5
434,22,128,5
435,12,128,5
435,13,128,5
435,14,128,5
435,15,128,5
435,16,128,5
435,17,128,5
435,18,128,5
435,21,128,5
435,22,128,5
436,12,210,5
436,13,210,5
436,14,210,5
436,15,210,5
436,16,210,5
436,17,210,5
436,18,210,5
436,21,210,5
436,22,210,5
436,23,210,5
436,24,210,5
437,12,210,5
437,13,210,5
437,14,210,5
437,15,210,5
437,16,210,5
437,17,210,5
437,18,210,5
437,21,210,5
437,22,210,5
437,23,210,5
437,24,210,5
439,12,131,5
439,13,131,5
439,14,131,5
439,15,131,5
439,16,131,5
439,17,131,5
439,18,131,5
440,12,110,50
440,12,233,5
440,13,110,50
440,13,233,5
440,14,110,50
440,14,233,5
440,15,110,50
440,15,233,5
440,16,110,50
440,16,233,5
440,17,110,50
440,17,208,5
440,18,110,50
440,18,208,5
440,21,110,50
440,21,208,5
440,22,110,50
440,22,208,5
440,23,110,50
440,23,208,5
440,24,110,50
440,24,208,5
441,12,254,5
441,13,254,5
441,14,254,5
441,15,254,5
441,16,254,5
441,17,254,5
441,18,254,5
441,21,254,5
441,22,254,5
441,23,254,5
441,24,254,5
443,12,174,5
443,13,174,5
443,14,174,5
443,15,174,5
443,16,174,5
443,17,174,5
443,18,174,5
443,21,174,5
443,22,174,5
444,12,174,5
444,13,174,5
444,14,174,5
444,15,174,5
444,16,174,5
444,17,174,5
444,18,174,5
444,21,174,5
444,22,174,5
445,12,174,5
445,13,174,5
445,14,174,5
445,15,174,5
445,16,174,5
445,17,174,5
445,18,174,5
445,21,174,5
445,22,174,5
446,12,211,100
446,13,211,100
446,14,211,100
446,15,211,100
446,16,211,100
446,17,211,100
446,18,211,100
446,21,211,100
446,22,211,100
446,23,211,100
446,24,211,100
451,12,222,5
451,13,222,5
451,14,222,5
451,15,222,5
451,16,222,5
451,17,222,5
451,18,222,5
451,21,222,5
451,22,222,5
451,23,222,5
451,24,222,5
452,12,222,5
452,13,222,5
452,14,222,5
452,15,222,5
452,16,222,5
452,17,222,5
452,18,222,5
452,21,222,5
452,22,222,5
452,23,222,5
452,24,222,5
453,12,258,5
453,13,258,5
453,14,258,5
453,15,258,5
453,16,258,5
453,17,258,5
453,18,258,5
453,21,258,5
453,22,258,5
453,23,258,5
453,24,258,5
454,12,258,5
454,13,258,5
454,14,258,5
454,15,258,5
454,16,258,5
454,17,258,5
454,18,258,5
454,21,258,5
454,22,258,5
454,23,258,5
454,24,258,5
456,12,164,5
456,13,164,5
456,14,164,5
456,15,164,5
456,16,164,5
456,17,164,5
456,18,164,5
456,21,164,5
456,22,164,5
457,12,164,5
457,13,164,5
457,14,164,5
457,15,164,5
457,16,164,5
457,17,164,5
457,18,164,5
457,21,164,5
457,22,164,5
459,12,223,5
459,13,223,5
459,14,223,5
459,15,223,5
459,16,223,5
459,17,223,5
459,18,223,5
459,21,223,5
459,22,223,5
459,23,223,5
459,24,223,5
460,12,223,5
460,13,223,5
460,14,223,5
460,15,223,5
460,16,223,5
460,17,223,5
460,18,223,5
460,21,223,5
460,22,223,5
460,23,223,5
460,24,223,5
461,12,194,5
461,12,263,50
461,13,194,5
461,13,263,50
461,14,194,5
461,14,263,50
461,15,194,5
461,15,263,50
461,16,194,5
461,16,263,50
461,17,194,5
461,17,263,50
461,18,194,5
461,18,263,50
461,21,194,5
461,21,263,50
461,22,194,5
461,22,263,50
461,23,194,5
461,23,263,50
461,24,194,5
461,24,263,50
462,12,210,5
462,13,210,5
462,14,210,5
462,15,210,5
462,16,210,5
462,17,210,5
462,18,210,5
462,21,210,5
462,22,210,5
462,23,210,5
462,24,210,5
463,12,256,5
463,13,256,5
463,14,256,5
463,15,256,5
463,16,256,5
463,17,256,5
463,18,256,5
463,21,256,5
463,22,256,5
463,23,256,5
463,24,256,5
466,12,299,50
466,13,299,5
466,14,299,50
466,15,299,5
466,16,299,5
466,17,299,5
466,18,299,5
466,21,299,5
466,22,299,5
466,23,299,5
466,24,299,5
467,12,300,5
467,13,300,50
467,14,300,50
467,15,300,5
467,16,300,5
467,17,300,5
467,18,300,5
467,21,300,5
467,22,300,5
467,23,300,5
467,24,300,5
469,12,242,5
469,13,242,5
469,14,242,5
469,15,242,5
469,16,242,5
469,17,242,5
469,18,242,5
469,21,242,5
469,22,242,5
469,23,242,5
469,24,242,5
476,12,215,5
476,13,215,5
476,14,215,5
476,15,215,5
476,16,215,5
476,17,215,5
476,18,215,5
476,21,215,5
476,22,215,5
476,23,215,5
476,24,215,5
477,12,173,5
477,13,173,5
477,14,173,5
477,15,173,5
477,16,173,5
477,17,173,5
477,18,173,5
477,21,173,5
477,22,173,5
478,12,176,5
478,13,176,5
478,14,176,5
478,15,176,5
478,16,176,5
478,17,176,5
478,18,176,5
478,21,176,5
478,22,176,5
492,12,134,100
492,13,134,100
492,14,134,100
492,15,134,100
492,16,134,100
492,17,134,100
492,18,134,100
492,21,134,100
492,22,134,100
492,23,134,100
492,24,134,100
511,17,132,50
511,17,161,5
511,18,132,50
511,18,161,5
511,21,132,50
511,21,161,5
511,22,132,50
511,22,161,5
512,17,132,50
512,17,161,5
512,18,132,50
512,18,161,5
512,21,132,50
512,21,161,5
512,22,132,50
512,22,161,5
513,17,132,50
513,17,162,5
513,18,132,50
513,18,162,5
513,21,132,50
513,21,162,5
513,22,132,50
513,22,162,5
514,17,132,50
514,17,162,5
514,18,132,50
514,18,162,5
514,21,132,50
514,21,162,5
514,22,132,50
514,22,162,5
515,17,132,50
515,17,164,5
515,18,132,50
515,18,164,5
515,21,132,50
515,21,164,5
515,22,132,50
515,22,164,5
516,17,132,50
516,17,164,5
516,18,132,50
516,18,164,5
516,21,132,50
516,21,164,5
516,22,132,50
516,22,164,5
522,17,126,50
522,18,126,50
522,21,126,50
522,22,126,50
523,17,126,50
523,18,126,50
523,21,126,50
523,22,126,50
524,17,206,50
524,17,215,5
524,18,206,50
524,18,215,5
524,21,206,50
524,21,215,5
524,22,206,50
524,22,215,5
524,23,206,50
524,23,215,5
524,24,206,50
524,24,215,5
525,17,206,50
525,17,215,5
525,18,206,50
525,18,215,5
525,21,206,50
525,21,215,5
525,22,206,50
525,22,215,5
525,23,206,50
525,23,215,5
525,24,206,50
525,24,215,5
526,17,206,50
526,17,215,5
526,18,206,50
526,18,215,5
526,21,206,50
526,21,215,5
526,22,206,50
526,22,215,5
526,23,206,50
526,23,215,5
526,24,206,50
526,24,215,5
531,17,132,50
531,17,135,5
531,18,132,50
531,18,135,5
531,21,132,50
531,21,135,5
531,22,132,50
531,22,135,5
531,23,132,50
531,23,135,5
531,24,132,50
531,24,135,5
535,17,133,50
535,18,133,50
535,21,128,50
535,22,128,50
536,17,133,50
536,18,133,50
536,21,128,50
536,22,128,50
537,17,133,50
537,18,133,50
537,21,128,50
537,22,128,50
538,17,218,5
538,17,245,1
538,18,218,5
538,18,245,1
538,21,218,5
538,21,245,1
538,22,218,5
538,22,245,1
538,23,218,5
538,24,218,5
539,17,218,5
539,17,245,1
539,18,218,5
539,18,245,1
539,21,218,5
539,21,245,1
539,22,218,5
539,22,245,1
539,23,218,5
539,24,218,5
540,17,196,5
540,18,196,5
540,21,196,5
540,22,196,5
540,23,196,5
540,24,196,5
541,17,196,5
541,18,196,5
541,21,196,5
541,22,196,5
541,23,196,5
541,24,196,5
542,17,196,5
542,18,196,5
542,21,196,5
542,22,196,5
542,23,196,5
542,24,196,5
543,17,128,50
543,17,222,5
543,18,128,50
543,18,222,5
543,21,222,5
543,22,222,5
543,23,222,5
543,24,222,5
544,17,128,50
544,17,222,5
544,18,128,50
544,18,222,5
544,21,222,5
544,22,222,5
544,23,222,5
544,24,222,5
545,17,128,50
545,17,222,5
545,18,128,50
545,18,222,5
545,21,222,5
545,22,222,5
545,23,222,5
545,24,222,5
550,17,203,5
550,18,203,5
550,21,203,5
550,22,203,5
550,23,203,5
550,24,203,5
554,17,129,50
554,18,129,50
554,21,129,50
554,22,129,50
555,17,129,50
555,18,129,50
555,21,129,50
555,22,129,50
556,17,216,5
556,18,216,5
556,21,216,5
556,22,216,5
556,23,216,5
556,24,216,5
557,17,106,1
557,17,215,5
557,18,106,1
557,18,215,5
557,21,106,1
557,21,215,5
557,22,106,1
557,22,215,5
557,23,215,5
557,24,215,5
558,17,106,1
558,17,215,5
558,18,106,1
558,18,215,5
558,21,106,1
558,21,215,5
558,22,106,1
558,22,215,5
558,23,215,5
558,24,215,5
559,17,272,5
559,18,272,5
559,21,272,5
559,22,272,5
559,23,272,5
559,24,272,5
560,17,272,5
560,18,272,5
560,21,272,5
560,22,272,5
560,23,272,5
560,24,272,5
562,17,224,5
562,18,224,5
562,21,224,5
562,22,224,5
562,23,224,5
562,24,224,5
563,17,224,5
563,18,224,5
563,21,224,5
563,22,224,5
563,23,224,5
563,24,224,5
568,17,92,1
568,17,258,5
568,18,92,1
568,18,258,5
568,21,92,1
568,21,258,5
568,22,92,1
568,22,258,5
568,23,258,5
568,24,258,5
569,17,92,5
569,17,258,50
569,17,622,1
569,18,92,5
569,18,258,50
569,18,622,1
569,21,92,5
569,21,258,50
569,21,622,1
569,22,92,5
569,22,258,50
569,22,622,1
569,23,92,5
569,23,258,50
569,24,92,5
569,24,258,50
572,17,127,50
572,18,127,50
572,21,127,50
572,22,127,50
573,17,127,50
573,18,127,50
573,21,127,50
573,22,127,50
574,21,133,50
574,22,133,50
575,21,133,50
575,22,133,50
576,21,133,50
576,22,133,50
577,21,133,50
577,22,133,50
578,21,133,50
578,22,133,50
579,21,133,50
579,22,133,50
587,17,126,100
587,18,126,100
587,21,126,100
587,22,126,100
590,17,86,50
590,17,87,5
590,17,621,1
590,18,86,50
590,18,87,5
590,18,621,1
590,21,86,50
590,21,87,5
590,21,621,1
590,22,86,50
590,22,87,5
590,22,621,1
590,23,86,50
590,23,87,5
590,24,86,50
590,24,87,5
591,17,86,50
591,17,87,5
591,17,621,1
591,18,86,50
591,18,87,5
591,18,621,1
591,21,86,50
591,21,87,5
591,21,621,1
591,22,86,50
591,22,87,5
591,22,621,1
591,23,86,50
591,23,87,5
591,24,86,50
591,24,87,5
597,17,265,5
597,18,265,5
597,21,265,5
597,22,265,5
597,23,265,5
597,24,265,5
598,17,265,5
598,18,265,5
598,21,265,5
598,22,265,5
598,23,265,5
598,24,265,5
613,17,130,50
613,18,130,50
613,21,130,50
613,22,130,50
614,17,130,50
614,18,130,50
614,21,130,50
614,22,130,50
615,17,223,5
615,18,223,5
615,21,223,5
615,22,223,5
615,23,223,5
615,24,223,5
618,17,214,5
618,18,214,5
618,21,214,5
618,22,214,5
618,23,214,5
618,24,214,5
621,17,227,5
621,18,227,5
621,21,227,5
621,22,227,5
621,23,227,5
621,24,227,5
622,17,246,5
622,18,246,5
622,21,246,5
622,22,246,5
622,23,246,5
622,24,246,5
623,17,246,5
623,18,246,5
623,21,246,5
623,22,246,5
623,23,246,5
623,24,246,5
631,21,250,1
631,22,250,1
637,17,199,100
637,18,199,100
637,21,199,100
637,22,199,100
637,23,199,100
637,24,199,100
648,17,91,100
648,18,91,100
648,21,91,100
648,22,91,100
648,23,91,100
648,24,91,100
674,23,196,5
674,24,196,5
675,23,196,5
675,24,196,5
701,23,198,5
701,24,198,5
10004,12,199,5
10004,13,199,5
10004,14,199,5
10004,15,199,5
10004,16,199,5
10004,17,199,5
10004,18,199,5
10004,21,199,5
10004,22,199,5
10004,23,199,5
10004,24,199,5
10005,12,199,5
10005,13,199,5
10005,14,199,5
10005,15,199,5
10005,16,199,5
10005,17,199,5
10005,18,199,5
10005,21,199,5
10005,22,199,5
10005,23,199,5
10005,24,199,5
10006,14,134,100
10006,15,134,100
10006,16,134,100
10006,17,134,100
10006,18,134,100
10006,21,134,100
10006,22,134,100
10006,23,134,100
10006,24,134,100
10013,7,220,100
10013,8,220,100
10013,9,220,100
10013,10,220,100
10013,11,220,100
10013,12,220,100
10013,13,220,100
10013,14,220,100
10013,15,220,100
10013,16,220,100
10013,17,220,100
10013,18,220,100
10013,21,220,100
10013,22,220,100
10013,23,220,100
10013,24,220,100
10014,7,220,100
10014,8,220,100
10014,9,220,100
10014,10,220,100
10014,11,220,100
10014,12,220,100
10014,13,220,100
10014,14,220,100
10014,15,220,100
10014,16,220,100
10014,17,220,100
10014,18,220,100
10014,21,220,100
10014,22,220,100
10014,23,220,100
10014,24,220,100
10015,7,220,100
10015,8,220,100
10015,9,220,100
10015,10,220,100
10015,11,220,100
10015,12,220,100
10015,13,220,100
10015,14,220,100
10015,15,220,100
10015,16,220,100
10015,17,220,100
10015,18,220,100
10015,21,220,100
10015,22,220,100
10015,23,220,100
10015,24,220,100
10016,17,204,5
10016,18,204,5
10016,21,204,5
10016,22,204,5
10016,23,204,5
10016,24,204,5
10017,17,129,50
10017,18,129,50
10017,21,129,50
10017,22,129,50
10018,17,91,100
10018,18,91,100
10018,21,91,100
10018,22,91,100
10018,23,91,100
10018,24,91,100
10029,23,216,100
10029,24,216,100
10032,23,216,100
10032,24,216,100
10037,23,225,5
10037,24,225,5
10053,23,215,5
10053,24,215,5
10056,23,224,5
10056,24,224,5
10060,23,223,5
10060,24,223,5
